{"loss": [0.7151283621788025, 0.1808750480413437, 0.06486906856298447, 0.028978027403354645, 0.015926770865917206, 0.008216897025704384, 0.004796749912202358, 0.003111302386969328, 0.0022843126207590103, 0.0017666196217760444], "val_loss": [0.29466795921325684, 0.09701938927173615, 0.040360499173402786, 0.020725339651107788, 0.01080378144979477, 0.00567874638363719, 0.003521405626088381, 0.002364624524489045, 0.0017523049609735608, 0.0013333495007827878], "epochs": 10}