Model,Precision,Recall,F1-score,ROC-AUC,PR-AUC
XGBoost,0.847000,0.758000,0.800032,0.962000,0.814000
Isolation Forest,0.412000,0.547000,0.469998,0.893000,0.351000
Autoencoder,0.367000,0.484000,0.417457,0.871000,0.298000
Ensemble,0.923000,0.253000,0.397141,0.948000,0.806000
