,Model,Precision,Recall,F1-score,ROC-AUC,PR-AUC
1,XGBoost,0.3834126444595513,0.962457337883959,0.5483714146815751,0.9991554755467362,0.9305880142395498
2,Autoencoder,0.6993118051879301,0.4510071696824855,0.5483603154836032,0.9383450989585057,0.5361900402405306
3,Isolation Forest,0.545201668984701,0.2676681461249573,0.3590565605678956,0.8573772848468936,0.2829437220887713
4,Ensemble,1.0,0.200751109593718,0.33437588854137046,0.9991177187785537,0.9878881339131073
