Dataset,Model,Precision,Recall,F1-score,ROC-AUC,PR-AUC,TN,FP,FN,TP,Train Time (s),Test Time (s)
Credit Card,Isolation Forest,0.5943396226415094,0.266384778012685,0.3678832116788321,0.9502156727349902,0.38385641743451576,56565,86,347,126,1.82,0.36
Credit Card,Tuned Isolation Forest,0.7319277108433735,0.5137420718816068,0.6037267080745342,0.957332762898296,0.6094662911986788,56562,89,230,243,30.12,2.52
Credit Card,One-Class SVM,0.3831683168316832,0.8181818181818182,0.5219150370869858,0.9441949807065799,0.6239326876894146,56028,623,86,387,152.03,12.68
Credit Card,Local Outlier Factor,0.2746478873239437,0.0824524312896406,0.12682926829268293,0.872363530825193,0.10668218999654237,56548,103,434,39,415.67,104.45
Credit Card,Elliptic Envelope,0.7978723404255319,0.7928118393234672,0.7953340402969247,0.9580055518147296,0.7849346203110511,56556,95,98,375,92.07,0.05
Credit Card,K-Means,0.5641025641025641,0.27906976744186046,0.3734087694483734,0.9504329819129573,0.4141228618402741,56549,102,341,132,14.56,0.04
Credit Card,Autoencoder,0.7943722943722944,0.7758985200845666,0.7850267379679144,0.9424126946476148,0.7520943913345027,56556,95,106,367,232.41,3.97
