Dataset,Model,Precision,Recall,F1-score,ROC-AUC,PR-AUC,TN,FP,FN,TP,Train Time (s),Test Time (s)
PaySim,Isolation Forest,0.372138910812944,0.11481797150858396,0.17549083465153065,0.8357901444011906,0.2912539271059889,96767,1591,7270,943,2.51,0.54
PaySim,Tuned Isolation Forest,0.7262237762237762,0.5057835139413126,0.5962822077083184,0.8941780166954073,0.6460252025420861,96792,1566,4059,4154,51.76,3.34
PaySim,One-Class SVM,0.7484653161448741,0.5938146840375015,0.6622309729105845,0.9027598639030698,0.7100486719983197,96719,1639,3336,4877,2642.18,45.76
PaySim,Local Outlier Factor,0.717115551694179,0.5024960428588823,0.590922107674685,0.8705086051873505,0.6359517537997825,96730,1628,4086,4127,141.02,37.64
PaySim,Elliptic Envelope,0.701579541180895,0.4542798003165713,0.5514743921365752,0.8849952652605707,0.5799750423333826,96771,1587,4482,3731,40.23,0.03
PaySim,K-Means,0.7377384196185286,0.5274564714477049,0.615122470713525,0.906477963682973,0.6645725324553178,96818,1540,3881,4332,11.44,0.02
PaySim,Autoencoder,0.7065934065934066,0.46974309022281746,0.5643238499232063,0.9274964105795538,0.6588975233082062,96756,1602,4355,3858,216.98,7.15
