{"fraud": [{"label": "Card validation probe", "description": "\u20ac0 transaction \u2014 typical stolen-card test before a real purchase.", "features": {"V1": -1.548788, "V2": 1.808698, "V3": -0.953509, "V4": 2.213085, "V5": -2.015728, "V6": -0.913457, "V7": -2.356013, "V8": 1.197169, "V9": -1.678374, "V10": -3.53865, "V11": 3.10209, "V12": -3.993373, "V13": -1.937411, "V14": -3.822894, "V15": 0.83097, "V16": -2.475359, "V17": -5.211875, "V18": -0.413872, "V19": 0.933262, "V20": 0.390786, "V21": 0.855138, "V22": 0.774745, "V23": 0.059037, "V24": 0.3432, "V25": -0.468938, "V26": -0.278338, "V27": 0.625922, "V28": 0.395573, "Amount_log": 4.355939, "Hour_sin": -0.777192, "Hour_cos": 0.629264}}, {"label": "High-value anomalous purchase", "description": "~\u20ac529 with strongly atypical PCA profile (V1, V12 deviated).", "features": {"V1": -2.923827, "V2": 1.524837, "V3": -3.018758, "V4": 3.289291, "V5": -5.755542, "V6": 2.218276, "V7": -0.509995, "V8": -3.569444, "V9": -1.016592, "V10": -4.320536, "V11": 1.277202, "V12": -3.70175, "V13": -0.97187, "V14": -4.857777, "V15": 0.090606, "V16": -2.801502, "V17": -4.186808, "V18": -1.648406, "V19": 1.176446, "V20": -0.447039, "V21": -0.511657, "V22": -0.122724, "V23": -4.288639, "V24": 0.563797, "V25": -0.949451, "V26": -0.204532, "V27": 1.510206, "V28": -0.324706, "Amount_log": 7.211741, "Hour_sin": -0.999095, "Hour_cos": 0.04253}}, {"label": "Mid-range deep V12 outlier", "description": "~\u20ac240 transaction with V12/V17 far below normal range.", "features": {"V1": 1.852889, "V2": 1.069593, "V3": -1.776101, "V4": 4.61741, "V5": 0.770413, "V6": -0.400859, "V7": -0.04097, "V8": 0.08951, "V9": -0.217705, "V10": -0.373927, "V11": -0.688454, "V12": -1.463207, "V13": -1.624155, "V14": -4.252466, "V15": -1.340176, "V16": 1.732873, "V17": 2.934481, "V18": 1.437197, "V19": -1.923309, "V20": -0.288392, "V21": -0.157869, "V22": -0.176244, "V23": 0.027437, "V24": -0.468006, "V25": 0.058063, "V26": 0.148263, "V27": 0.042278, "V28": 0.040573, "Amount_log": 0.693147, "Hour_sin": -0.998682, "Hour_cos": -0.051319}}, {"label": "Extreme PCA outlier", "description": "Multiple PCA components (V12, V14, V16, V17) show extreme deviation.", "features": {"V1": 1.204934, "V2": 3.23807, "V3": -6.010324, "V4": 5.720847, "V5": 1.5484, "V6": -2.321064, "V7": -0.78188, "V8": 0.076619, "V9": -2.976249, "V10": -4.070257, "V11": 3.394152, "V12": -4.547742, "V13": -0.063634, "V14": -10.516465, "V15": 0.053267, "V16": 0.20408, "V17": 0.462929, "V18": 0.841169, "V19": -2.221384, "V20": 0.338161, "V21": 0.098341, "V22": -0.845866, "V23": -0.031228, "V24": 0.421146, "V25": 0.388361, "V26": 0.056035, "V27": 0.491828, "V28": 0.340847, "Amount_log": 0.0, "Hour_sin": -0.377841, "Hour_cos": -0.925871}}, {"label": "Mixed-signal suspicious", "description": "Conflicting feature directions \u2014 classic compound-fraud pattern.", "features": {"V1": -0.082983, "V2": -3.935919, "V3": -2.616709, "V4": 0.16331, "V5": -1.400952, "V6": -0.809419, "V7": 1.50158, "V8": -0.471, "V9": 1.519743, "V10": -1.134454, "V11": 0.713878, "V12": 0.979675, "V13": -1.339031, "V14": 0.984993, "V15": -0.382471, "V16": -0.934616, "V17": -0.052419, "V18": 0.511162, "V19": 0.731999, "V20": 1.878612, "V21": 0.702672, "V22": -0.182305, "V23": -0.921017, "V24": 0.111635, "V25": -0.071622, "V26": -1.125881, "V27": -0.170947, "V28": 0.126221, "Amount_log": 7.001237, "Hour_sin": -0.97455, "Hour_cos": 0.224172}}], "normal": [{"label": "Routine daytime purchase", "description": "Modest amount, typical V-feature distribution, midday hour.", "features": {"V1": 1.228821, "V2": -0.063408, "V3": 0.274145, "V4": 0.647465, "V5": -0.048135, "V6": 0.372073, "V7": -0.224231, "V8": 0.079939, "V9": 0.640759, "V10": -0.273054, "V11": -1.252728, "V12": 0.465079, "V13": 0.400502, "V14": -0.292842, "V15": -0.101774, "V16": -0.399836, "V17": 0.034336, "V18": -0.78355, "V19": 0.141345, "V20": -0.096566, "V21": -0.129554, "V22": -0.083779, "V23": -0.151661, "V24": -0.700372, "V25": 0.59855, "V26": 0.491409, "V27": 0.002989, "V28": 0.001782, "Amount_log": 2.525729, "Hour_sin": -0.967599, "Hour_cos": -0.252492}}, {"label": "Standard evening transaction", "description": "Regular consumer pattern, evening hour, ~\u20ac12.", "features": {"V1": -0.203154, "V2": 1.176678, "V3": -0.759595, "V4": -0.518472, "V5": 0.629649, "V6": -0.721675, "V7": 0.638893, "V8": 0.243377, "V9": -0.157488, "V10": -0.506595, "V11": -1.394841, "V12": -0.092472, "V13": 0.021634, "V14": 0.730797, "V15": 0.496343, "V16": -0.199594, "V17": -0.43439, "V18": 0.34866, "V19": 0.162524, "V20": -0.098429, "V21": 0.384629, "V22": 1.206754, "V23": -0.082753, "V24": 0.508386, "V25": -0.710906, "V26": -0.23451, "V27": 0.37964, "V28": 0.261351, "Amount_log": 1.07841, "Hour_sin": -0.953848, "Hour_cos": 0.30029}}, {"label": "Small routine payment", "description": "Low amount, balanced PCA profile.", "features": {"V1": -1.672836, "V2": 1.401297, "V3": 1.50394, "V4": 2.175491, "V5": 0.699791, "V6": 1.062139, "V7": 1.114364, "V8": -0.535822, "V9": -0.252983, "V10": 3.071219, "V11": 0.768574, "V12": 0.202065, "V13": 1.34918, "V14": -0.950567, "V15": 0.922046, "V16": 0.366995, "V17": -1.215489, "V18": 0.59861, "V19": 1.425968, "V20": 0.828472, "V21": -0.52595, "V22": -0.408743, "V23": -0.280083, "V24": -0.846468, "V25": -0.155456, "V26": -0.062383, "V27": 0.007777, "V28": 0.1139, "Amount_log": 4.524827, "Hour_sin": 0.780749, "Hour_cos": -0.624845}}, {"label": "Higher-value normal purchase", "description": "Larger amount but feature pattern within normal cluster.", "features": {"V1": 0.819379, "V2": -1.124913, "V3": 0.515025, "V4": 0.513945, "V5": -1.009048, "V6": 0.488484, "V7": -0.580672, "V8": 0.187686, "V9": -0.999142, "V10": 0.871966, "V11": 0.906599, "V12": 0.386404, "V13": 0.101522, "V14": 0.275543, "V15": 0.703471, "V16": -1.00496, "V17": -0.425904, "V18": 1.77401, "V19": -1.399609, "V20": -0.110144, "V21": -0.057205, "V22": -0.168061, "V23": -0.198732, "V24": -0.337408, "V25": 0.238538, "V26": -0.289454, "V27": 0.038214, "V28": 0.058407, "Amount_log": 5.433722, "Hour_sin": -0.664959, "Hour_cos": -0.74688}}, {"label": "Late-night legitimate purchase", "description": "Off-hour but otherwise normal \u2014 should not trigger fraud.", "features": {"V1": 2.009701, "V2": 0.105635, "V3": -1.752759, "V4": 0.588312, "V5": 0.374801, "V6": -0.637884, "V7": 0.00926, "V8": -0.129487, "V9": 0.492619, "V10": -0.527043, "V11": 0.985105, "V12": 1.036503, "V13": 0.417644, "V14": -1.641894, "V15": -1.12347, "V16": 0.316818, "V17": 0.891983, "V18": 0.610567, "V19": 0.215798, "V20": -0.135479, "V21": 0.00897, "V22": 0.357394, "V23": -0.013472, "V24": -0.44692, "V25": 0.111522, "V26": 0.642944, "V27": -0.036998, "V28": -0.043404, "Amount_log": 0.879627, "Hour_sin": 0.012435, "Hour_cos": -0.999923}}]}