{"loss": [0.9747812151908875, 0.8410221934318542, 0.7045177221298218, 0.6175651550292969, 0.569353461265564, 0.5350441336631775, 0.5074602365493774, 0.4835403561592102, 0.4715956449508667, 0.4651886224746704, 0.4613704979419708, 0.45893174409866333, 0.45719391107559204, 0.45547428727149963, 0.45265281200408936, 0.448054701089859, 0.4428034722805023, 0.4385163486003876, 0.43565648794174194, 0.4337664544582367], "val_loss": [0.9602566361427307, 0.8086103200912476, 0.6933339834213257, 0.6323918104171753, 0.5985122323036194, 0.567436158657074, 0.5392652750015259, 0.5217096209526062, 0.5129184722900391, 0.5078979730606079, 0.5048602223396301, 0.5029705166816711, 0.5012353658676147, 0.4979602098464966, 0.4904930293560028, 0.47930213809013367, 0.46886733174324036, 0.4622970521450043, 0.4588734209537506, 0.45717376470565796], "epochs": 20}